-- MySQL dump 10.13  Distrib 8.0.16, for osx10.12 (x86_64)
--
-- Host: 127.0.0.1    Database: e-commerce
-- ------------------------------------------------------
-- Server version	8.0.23

/*!40101 SET @OLD_CHARACTER_SET_CLIENT=@@CHARACTER_SET_CLIENT */;
/*!40101 SET @OLD_CHARACTER_SET_RESULTS=@@CHARACTER_SET_RESULTS */;
/*!40101 SET @OLD_COLLATION_CONNECTION=@@COLLATION_CONNECTION */;
 SET NAMES utf8mb4 ;
/*!40103 SET @OLD_TIME_ZONE=@@TIME_ZONE */;
/*!40103 SET TIME_ZONE='+00:00' */;
/*!40014 SET @OLD_UNIQUE_CHECKS=@@UNIQUE_CHECKS, UNIQUE_CHECKS=0 */;
/*!40014 SET @OLD_FOREIGN_KEY_CHECKS=@@FOREIGN_KEY_CHECKS, FOREIGN_KEY_CHECKS=0 */;
/*!40101 SET @OLD_SQL_MODE=@@SQL_MODE, SQL_MODE='NO_AUTO_VALUE_ON_ZERO' */;
/*!40111 SET @OLD_SQL_NOTES=@@SQL_NOTES, SQL_NOTES=0 */;

--
-- Table structure for table `accounts`
--

DROP TABLE IF EXISTS `accounts`;
/*!40101 SET @saved_cs_client     = @@character_set_client */;
 SET character_set_client = utf8mb4 ;
CREATE TABLE `accounts` (
  `id_account` int NOT NULL AUTO_INCREMENT,
  `user` varchar(255) DEFAULT NULL,
  `password` varchar(255) DEFAULT NULL,
  `display_name` varchar(255) DEFAULT NULL,
  PRIMARY KEY (`id_account`)
) ENGINE=InnoDB AUTO_INCREMENT=3 DEFAULT CHARSET=utf8mb4 COLLATE=utf8mb4_0900_ai_ci;
/*!40101 SET character_set_client = @saved_cs_client */;

--
-- Dumping data for table `accounts`
--

LOCK TABLES `accounts` WRITE;
/*!40000 ALTER TABLE `accounts` DISABLE KEYS */;
INSERT INTO `accounts` VALUES (1,'admin','admin','ADMIN'),(2,'rosi','rosi','Rosi');
/*!40000 ALTER TABLE `accounts` ENABLE KEYS */;
UNLOCK TABLES;

--
-- Table structure for table `order_products`
--

DROP TABLE IF EXISTS `order_products`;
/*!40101 SET @saved_cs_client     = @@character_set_client */;
 SET character_set_client = utf8mb4 ;
CREATE TABLE `order_products` (
  `id_order_products` bigint unsigned NOT NULL AUTO_INCREMENT,
  `cod_product` int DEFAULT NULL,
  `cod_order` int DEFAULT NULL,
  `order_prod_qta` int DEFAULT NULL,
  `order_prod_nic` int DEFAULT NULL,
  `order_prod_bocc` tinyint(1) DEFAULT NULL,
  PRIMARY KEY (`id_order_products`)
) ENGINE=InnoDB AUTO_INCREMENT=30 DEFAULT CHARSET=utf8mb4 COLLATE=utf8mb4_0900_ai_ci;
/*!40101 SET character_set_client = @saved_cs_client */;

--
-- Dumping data for table `order_products`
--

LOCK TABLES `order_products` WRITE;
/*!40000 ALTER TABLE `order_products` DISABLE KEYS */;
INSERT INTO `order_products` VALUES (15,17,17,30,3,1),(16,19,17,60,9,0),(27,18,23,10,6,1),(28,19,23,60,9,1),(29,21,23,30,3,0);
/*!40000 ALTER TABLE `order_products` ENABLE KEYS */;
UNLOCK TABLES;

--
-- Table structure for table `orders`
--

DROP TABLE IF EXISTS `orders`;
/*!40101 SET @saved_cs_client     = @@character_set_client */;
 SET character_set_client = utf8mb4 ;
CREATE TABLE `orders` (
  `id_order` bigint unsigned NOT NULL AUTO_INCREMENT,
  `order_tot` int DEFAULT NULL,
  `cod_user` int DEFAULT NULL,
  PRIMARY KEY (`id_order`)
) ENGINE=InnoDB AUTO_INCREMENT=24 DEFAULT CHARSET=utf8mb4 COLLATE=utf8mb4_0900_ai_ci;
/*!40101 SET character_set_client = @saved_cs_client */;

--
-- Dumping data for table `orders`
--

LOCK TABLES `orders` WRITE;
/*!40000 ALTER TABLE `orders` DISABLE KEYS */;
INSERT INTO `orders` VALUES (17,20,2),(23,25,2);
/*!40000 ALTER TABLE `orders` ENABLE KEYS */;
UNLOCK TABLES;

--
-- Table structure for table `products`
--

DROP TABLE IF EXISTS `products`;
/*!40101 SET @saved_cs_client     = @@character_set_client */;
 SET character_set_client = utf8mb4 ;
CREATE TABLE `products` (
  `id_product` int NOT NULL AUTO_INCREMENT,
  `prod_name` varchar(255) DEFAULT NULL,
  `prod_desc` varchar(255) DEFAULT NULL,
  `prod_price` double DEFAULT NULL,
  `prod_img` varchar(500) DEFAULT NULL,
  `prod_qta` int DEFAULT NULL,
  `prod_category` varchar(255) DEFAULT NULL,
  PRIMARY KEY (`id_product`)
) ENGINE=InnoDB AUTO_INCREMENT=22 DEFAULT CHARSET=utf8mb4 COLLATE=utf8mb4_0900_ai_ci;
/*!40101 SET character_set_client = @saved_cs_client */;

--
-- Dumping data for table `products`
--

LOCK TABLES `products` WRITE;
/*!40000 ALTER TABLE `products` DISABLE KEYS */;
INSERT INTO `products` VALUES (17,'SHINOBI ICE','La leggenda è tornata , con una punta di ghiaccio! Papaya, fico d\'india e ghiaccio',6,'img/img_SHINOBI_ICE.jpg',100,'fruttati'),(18,'FIRST LAB N.3','Mirtillo, ribes, fragole di bosco, amarena si uniscono delicatamente in un mix di menta e aromi glaciali per rendere il sapore dolce dei frutti rossi ancora più vivo e fresco! ',6,'img/img_FIRST_LAB_N.3.jpg',100,'fruttati'),(19,'SHINOBI KILLER','l killer è arrivato, un liquido fatale, le sue armi? Un dolcissimo melone accompagnato da note di frutti di bosco.',6,'img/img_SHINOBI_KILLER.jpg',70,'fruttati'),(20,'STRA PANNA','Panna & Fragole',6,'img/img_STRA_PANNA.jpg',50,'cremosi'),(21,'GRAPE O’CLOCK','Un dolce mix di uva americana e rinfrescante limonata, tutto ghiacciato.',6,'img/img_GRAPE_O’CLOCK.jpg',100,'fruttati');
/*!40000 ALTER TABLE `products` ENABLE KEYS */;
UNLOCK TABLES;

--
-- Dumping routines for database 'e-commerce'
--
/*!40103 SET TIME_ZONE=@OLD_TIME_ZONE */;

/*!40101 SET SQL_MODE=@OLD_SQL_MODE */;
/*!40014 SET FOREIGN_KEY_CHECKS=@OLD_FOREIGN_KEY_CHECKS */;
/*!40014 SET UNIQUE_CHECKS=@OLD_UNIQUE_CHECKS */;
/*!40101 SET CHARACTER_SET_CLIENT=@OLD_CHARACTER_SET_CLIENT */;
/*!40101 SET CHARACTER_SET_RESULTS=@OLD_CHARACTER_SET_RESULTS */;
/*!40101 SET COLLATION_CONNECTION=@OLD_COLLATION_CONNECTION */;
/*!40111 SET SQL_NOTES=@OLD_SQL_NOTES */;

-- Dump completed on 2021-05-18 17:27:32
